标题,日期,url,地块编号（主）,地块编号（副）,地块位置,宗地面积,土地用途,容积率,起始价,成交价(万元),其他
﻿宁海县国土资源局国有建用地使用权挂牌出让公告(宁土资告字[2017]01009号),2017-05-31,http://www.zjdlr.gov.cn/art/2017/5/31/art_1071192_19100.html,宁土资告字[2017]01009号,宁海县原奥达洁具地块,宁海县梅桥区块,38673平方米,其他商服用地,0.5≤容积率≤1,4300万元,,: ; 土地估价备案号:3305017BA0047 ; 加价幅度:10万元 ; 投资强度:0万元/公顷 ; 建筑密度(%):≤35 ; 建筑限高(米): ; 绿化率(%):≥20 ; 保证金:1290万元 ; 挂牌截止时间:2017年07月05日15时00分 ; 出让年限:40年 ; 现状土地条件: ; 挂牌开始时间:2017年06月20日08时00分
﻿海宁市国土资源局国有建用地使用权挂牌出让公告(海土告字[2017]10号),2017-05-31,http://www.zjdlr.gov.cn/art/2017/5/31/art_1071192_19099.html,海土告字[2017]10号,海土字17099号,黄湾镇硖尖公路西侧、翁金线北侧,22204平方米,标准厂房,1.2≤容积率≤1.6,900万元,,: ; 土地估价备案号:3301417BA0095 ; 加价幅度:15万元 ; 投资强度:4500万元/公顷 ; 场地平整基础设施: ; 建筑密度(%):≤50 ; 建筑限高(米): ; 绿化率(%):12≤绿化率≤15 ; 保证金:180万元 ; 挂牌截止时间:2017年06月30日15时00分 ; 出让年限:50年 ; 挂牌开始时间:2017年06月19日08时30分
﻿海宁市国土资源局国有建用地使用权挂牌出让公告(海土告字[2017]10号),2017-05-31,http://www.zjdlr.gov.cn/art/2017/5/31/art_1071192_19099.html,海土告字[2017]10号,海土字17107号,尖山新区潮起路西侧、富江路北侧,26941平方米,其他商服用地,1.3≤容积率≤1.6,6150万元,,: ; 土地估价备案号:3301417BA0101 ; 加价幅度:100万元 ; 投资强度:0万元/公顷 ; 场地平整基础设施: ; 建筑密度(%):≤45 ; 建筑限高(米): ; 绿化率(%):≥15 ; 保证金:1230万元 ; 挂牌截止时间:2017年06月30日15时00分 ; 出让年限:40年 ; 挂牌开始时间:2017年06月19日08时30分 ; 备注:地块内设置一个建筑面积不少于3000平方米壁球馆，并不得分割转让
﻿海宁市国土资源局国有建用地使用权挂牌出让公告(海土告字[2017]10号),2017-05-31,http://www.zjdlr.gov.cn/art/2017/5/31/art_1071192_19099.html,海土告字[2017]10号,海土字17125号,周王庙镇华锦路北侧、创新路西侧,17315平方米,其他工业用地,≥1.1,750万元,,: ; 土地估价备案号:3301417BA0100 ; 加价幅度:10万元 ; 投资强度:4335万元/公顷 ; 场地平整基础设施: ; 建筑密度(%):≤50 ; 建筑限高(米): ; 绿化率(%):≥12 ; 保证金:150万元 ; 挂牌截止时间:2017年06月30日15时00分 ; 出让年限:50年 ; 挂牌开始时间:2017年06月19日08时30分
﻿海宁市国土资源局国有建用地使用权挂牌出让公告(海土告字[2017]10号),2017-05-31,http://www.zjdlr.gov.cn/art/2017/5/31/art_1071192_19099.html,海土告字[2017]10号,海土字17127号,丁桥镇芦红路东侧、龙源纺织北侧地块,12801平方米,其他工业用地,≥1.3,720万元,,: ; 土地估价备案号:3301417BA0096 ; 加价幅度:10万元 ; 投资强度:4680万元/公顷 ; 场地平整基础设施: ; 建筑密度(%):≤50 ; 建筑限高(米): ; 绿化率(%):≥12 ; 保证金:150万元 ; 挂牌截止时间:2017年06月30日15时00分 ; 出让年限:50年 ; 挂牌开始时间:2017年06月19日08时30分
﻿海宁市国土资源局国有建用地使用权挂牌出让公告(海土告字[2017]10号),2017-05-31,http://www.zjdlr.gov.cn/art/2017/5/31/art_1071192_19099.html,海土告字[2017]10号,海土字17128号,丁桥镇芦红路东侧、龙源纺织北侧地块2,9973平方米,其他工业用地,≥1.3,565万元,,: ; 土地估价备案号:3301417BA0099 ; 加价幅度:5万元 ; 投资强度:4590万元/公顷 ; 场地平整基础设施: ; 建筑密度(%):≤50 ; 建筑限高(米): ; 绿化率(%):≥12 ; 保证金:120万元 ; 挂牌截止时间:2017年06月30日15时00分 ; 出让年限:50年 ; 挂牌开始时间:2017年06月19日08时30分
﻿海宁市国土资源局国有建用地使用权挂牌出让公告(海土告字[2017]10号),2017-05-31,http://www.zjdlr.gov.cn/art/2017/5/31/art_1071192_19099.html,海土告字[2017]10号,海土字17134号,长安镇创业路东侧、联合路南侧,12729平方米,其他工业用地,≥1.5,520万元,,: ; 土地估价备案号:3301417BA0098 ; 加价幅度:10万元 ; 投资强度:5280万元/公顷 ; 场地平整基础设施: ; 建筑密度(%):≤50 ; 建筑限高(米): ; 绿化率(%):15≤绿化率≤20 ; 保证金:110万元 ; 挂牌截止时间:2017年06月30日15时00分 ; 出让年限:50年 ; 挂牌开始时间:2017年06月19日08时30分
﻿海宁市国土资源局国有建用地使用权挂牌出让公告(海土告字[2017]10号),2017-05-31,http://www.zjdlr.gov.cn/art/2017/5/31/art_1071192_19099.html,海土告字[2017]10号,海土字17135号,高新区之江路南侧、二号直河西侧,11656平方米,其他工业用地,≥1.2,480万元,,: ; 土地估价备案号:3301417BA0097 ; 加价幅度:10万元 ; 投资强度:4265万元/公顷 ; 场地平整基础设施: ; 建筑密度(%):30≤建筑密度≤50 ; 建筑限高(米): ; 绿化率(%):15≤绿化率≤20 ; 保证金:100万元 ; 挂牌截止时间:2017年06月30日15时00分 ; 出让年限:50年 ; 挂牌开始时间:2017年06月19日08时30分
﻿海宁市国土资源局国有建用地使用权挂牌出让公告(海土告字[2017]10号),2017-05-31,http://www.zjdlr.gov.cn/art/2017/5/31/art_1071192_19099.html,海土告字[2017]10号,海土字17136号,文宗路西联合路南侧,15342平方米,普通商品住房用地,1.8≤容积率≤2.2,20700万元,,: ; 土地估价备案号:3301417BA0103 ; 加价幅度:200万元 ; 投资强度:0万元/公顷 ; 场地平整基础设施: ; 建筑密度(%):≤30 ; 建筑限高(米): ; 绿化率(%):≥30 ; 保证金:4200万元 ; 挂牌截止时间:2017年06月30日15时00分 ; 出让年限:70年 ; 挂牌开始时间:2017年06月19日08时30分
﻿海宁市国土资源局国有建用地使用权挂牌出让公告(海土告字[2017]10号),2017-05-31,http://www.zjdlr.gov.cn/art/2017/5/31/art_1071192_19099.html,海土告字[2017]10号,海土字17138号,尖山新区凤凰路东侧、安江路北侧,7510平方米,其他工业用地,≥1.1,155万元,,: ; 土地估价备案号:3301417BA0102 ; 加价幅度:5万元 ; 投资强度:4455万元/公顷 ; 场地平整基础设施: ; 建筑密度(%):≤50 ; 建筑限高(米): ; 绿化率(%):12≤绿化率≤15 ; 保证金:35万元 ; 挂牌截止时间:2017年06月30日15时00分 ; 出让年限:50年 ; 挂牌开始时间:2017年06月19日08时30分
﻿泰顺县国土资源局国有建用地使用权挂牌出让公告(泰土资告字[2017]TZJXC170509014号),2017-05-31,http://www.zjdlr.gov.cn/art/2017/5/31/art_1071192_19098.html,泰土资告字[2017]TZJXC170509014号,330329010504009,泰顺县罗阳镇下交垟村,3335.5平方米,其他工业用地,1≤容积率≤1.54,162万元,,: ; 土地估价备案号:3313317BA0012 ; 加价幅度:1万元 ; 投资强度:2550万元/公顷 ; 建筑密度(%):30≤建筑密度≤40.41 ; 建筑限高(米):≤24 ; 绿化率(%):≥20 ; 保证金:33万元 ; 挂牌截止时间:2017年07月04日15时00分 ; 出让年限:50年 ; 场地平整宗地红线内场地平整基础设施五通[通路（施工道路）、通电、通上水、通下水、通讯]: ; 挂牌开始时间:2017年06月17日08时00分
﻿绍兴市国土资源局柯桥区分局国有建用地使用权挂牌出让公告(柯桥区土资挂告字[2017]10号),2017-05-31,http://www.zjdlr.gov.cn/art/2017/5/31/art_1071192_19097.html,柯桥区土资挂告字[2017]10号,柯桥城区G-28地块,华舍街道西周居。东至西周直江，南至钱陶公路，西至金青针纺有限公司，北至三江大河,5599平方米,其他工业用地,≥1.5,438.96万元,,: ; 土地估价备案号: ; 加价幅度:10万元 ; 投资强度:200万元/公顷 ; 建筑密度(%):40≤建筑密度≤55 ; 场地平整该地块现状已达到“三通”（通路、通电、通水）的基本使用条件，具体由华舍街道办事处负责实施。经华舍街道办事处确认，地块内无地上地下管线。基础设施: ; 建筑限高(米): ; 绿化率(%):≤10 ; 保证金:220万元 ; 挂牌截止时间:2017年06月28日16时00分 ; 出让年限:50年 ; 挂牌开始时间:2017年06月19日08时30分
﻿绍兴市国土资源局柯桥区分局国有建用地使用权挂牌出让公告(柯桥区土资挂告字[2017]10号),2017-05-31,http://www.zjdlr.gov.cn/art/2017/5/31/art_1071192_19097.html,柯桥区土资挂告字[2017]10号,柯岩KQ-15-02-08地块,柯岩街道蓬山村。东至蓬山河，南至会稽山酒厂区，西至会稽山酒厂区，北至规划高尔夫路,17206平方米,其他工业用地,1.1≤容积率≤2.2,1655万元,,: ; 土地估价备案号: ; 场地平整该地块现状已达到“三通”（通路、通电、通水）的基本使用条件，具体由柯岩街道办事处负责实施。经柯岩街道办事处确认，地块内无地上地下管线。基础设施: ; 投资强度:200万元/公顷 ; 建筑密度(%):40≤建筑密度≤50 ; 建筑限高(米): ; 加价幅度:10万元 ; 绿化率(%):≤10 ; 保证金:828万元 ; 挂牌截止时间:2017年06月28日16时00分 ; 出让年限:50年 ; 挂牌开始时间:2017年06月19日08时30分
﻿瑞安市国土资源局国有建用地使用权挂牌出让公告(瑞土告字[2017]070号),2017-05-31,http://www.zjdlr.gov.cn/art/2017/5/31/art_1071192_19096.html,瑞土告字[2017]070号,2017XG013,塘下镇塘口村L5-1-2地块,60049.02平方米,普通商品住房用地,1≤容积率≤3.1,60715.24万元,,: ; 土地估价备案号: ; 加价幅度:50万元 ; 投资强度:0万元/公顷 ; 建筑密度(%):≤25 ; 建筑限高(米):≤100 ; 绿化率(%):≥30 ; 保证金:12143万元 ; 挂牌截止时间:2017年06月29日16时00分 ; 出让年限:70年 ; 现状土地条件: ; 挂牌开始时间:2017年06月20日09时00分
﻿泰顺县国土资源局国有建用地使用权挂牌出让公告(泰土资告字[2017]TZJXC170509013号),2017-05-31,http://www.zjdlr.gov.cn/art/2017/5/31/art_1071192_19095.html,泰土资告字[2017]TZJXC170509013号,330329010504008,泰顺县罗阳镇下交垟村,3335.5平方米,其他工业用地,=0.8,161万元,,: ; 土地估价备案号:3313317BA0014 ; 加价幅度:1万元 ; 投资强度:2550万元/公顷 ; 建筑密度(%):30≤建筑密度≤38.85 ; 建筑限高(米):≤24 ; 绿化率(%):≥20 ; 保证金:33万元 ; 挂牌截止时间:2017年07月04日15时00分 ; 出让年限:50年 ; 场地平整宗地红线内场地平整基础设施五通[通路（施工道路）、通电、通上水、通下水、通讯]: ; 挂牌开始时间:2017年06月17日08时00分
﻿苍南县国土资源局国有建用地使用权挂牌出让公告(苍土告字[2017]16号),2017-05-31,http://www.zjdlr.gov.cn/art/2017/5/31/art_1071192_19094.html,苍土告字[2017]16号,苍南县金乡镇A-08-01a地块,金乡镇北二环路南侧、东风大道东侧,1112.2平方米,其他工业用地,1≤容积率≤2.4,52万元,,: ; 土地估价备案号: ; 加价幅度:1万元 ; 投资强度:3000万元/公顷 ; 建筑密度(%):≤45 ; 建筑限高(米): ; 绿化率(%):≥5 ; 保证金:10万元 ; 挂牌截止时间:2017年07月04日15时30分 ; 出让年限:50年 ; 现状土地条件: ; 挂牌开始时间:2017年06月21日08时30分
﻿苍南县国土资源局国有建用地使用权拍卖出让公告(苍土告字[2017]15号),2017-05-31,http://www.zjdlr.gov.cn/art/2017/5/31/art_1071192_19093.html,苍土告字[2017]15号,桥墩镇政府B-21d地块,桥墩镇金山村金山路以东,4533.3平方米,普通商品住房用地,1≤容积率≤2,1270万元,,: ; 土地估价备案号: ; 加价幅度:10万元 ; 投资强度:0万元/公顷 ; 建筑密度(%):≤35 ; 建筑限高(米): ; 绿化率(%):≥30 ; 保证金:260万元 ; 出让年限:70年 ; 现状土地条件:
﻿嘉善县国土资源局国有建用地使用权挂牌出让公告(善土告字[2017]13号),2017-05-31,http://www.zjdlr.gov.cn/art/2017/5/31/art_1071192_19092.html,善土告字[2017]13号,2015G-30,魏塘街道魏中村（开发区）,16629.7平方米,工业用地,1≤容积率≤2.5,631.9286万元,,: ; 土地估价备案号: ; 加价幅度:3.3259万元 ; 投资强度:4650万元/公顷 ; 建筑密度(%):≤60 ; 建筑限高(米): ; 绿化率(%):10≤绿化率≤20 ; 保证金:316万元 ; 挂牌截止时间:2017年07月04日15时30分 ; 出让年限:50年 ; 挂牌开始时间:2017年06月20日08时30分 ; 备注:汽车制造业
﻿嘉善县国土资源局国有建用地使用权挂牌出让公告(善土告字[2017]13号),2017-05-31,http://www.zjdlr.gov.cn/art/2017/5/31/art_1071192_19092.html,善土告字[2017]13号,2016G-13,姚庄镇南鹿村,24108.7平方米,工业用地,1≤容积率≤2,1084.8915万元,,: ; 土地估价备案号: ; 加价幅度:4.8217万元 ; 投资强度:4500万元/公顷 ; 建筑密度(%):≤60 ; 建筑限高(米): ; 绿化率(%):10≤绿化率≤20 ; 保证金:542万元 ; 挂牌截止时间:2017年07月04日15时30分 ; 出让年限:41年 ; 挂牌开始时间:2017年06月20日08时30分 ; 备注:黑色金属冶炼及压延加工业（至2058年11月24日止）
﻿嘉善县国土资源局国有建用地使用权挂牌出让公告(善土告字[2017]13号),2017-05-31,http://www.zjdlr.gov.cn/art/2017/5/31/art_1071192_19092.html,善土告字[2017]13号,2016G-17,魏塘街道魏中村,25438.6平方米,仓储用地,0.8≤容积率≤2,968.7019万元,,: ; 土地估价备案号: ; 加价幅度:5.0877万元 ; 投资强度:450万元/公顷 ; 建筑密度(%):≤60 ; 建筑限高(米): ; 绿化率(%):10≤绿化率≤20 ; 保证金:484万元 ; 挂牌截止时间:2017年07月04日15时30分 ; 出让年限:50年 ; 挂牌开始时间:2017年06月20日08时30分 ; 备注:木业堆场
﻿嘉善县国土资源局国有建用地使用权挂牌出让公告(善土告字[2017]13号),2017-05-31,http://www.zjdlr.gov.cn/art/2017/5/31/art_1071192_19092.html,善土告字[2017]13号,2016G-31-2-1-2,魏塘街道虹桥村(开发区),11160.1平方米,工业用地,1≤容积率≤2,468.7242万元,,: ; 土地估价备案号: ; 加价幅度:2.232万元 ; 投资强度:4650万元/公顷 ; 建筑密度(%):≤60 ; 建筑限高(米): ; 绿化率(%):10≤绿化率≤20 ; 保证金:234万元 ; 挂牌截止时间:2017年07月04日15时30分 ; 出让年限:50年 ; 挂牌开始时间:2017年06月20日08时30分 ; 备注:专用设备制造业
﻿嘉善县国土资源局国有建用地使用权挂牌出让公告(善土告字[2017]13号),2017-05-31,http://www.zjdlr.gov.cn/art/2017/5/31/art_1071192_19092.html,善土告字[2017]13号,2017G-14,西塘镇邗上村,9808.2平方米,工业用地,1≤容积率≤2,353.0952万元,,: ; 土地估价备案号: ; 加价幅度:1.9616万元 ; 投资强度:4500万元/公顷 ; 建筑密度(%):≤60 ; 建筑限高(米): ; 绿化率(%):10≤绿化率≤20 ; 保证金:177万元 ; 挂牌截止时间:2017年07月04日15时30分 ; 出让年限:50年 ; 挂牌开始时间:2017年06月20日08时30分 ; 备注:造纸及纸制品业
﻿桐乡市国土资源局国有建用地使用权拍卖出让公告(桐土告字[2017]23号),2017-05-30,http://www.zjdlr.gov.cn/art/2017/5/30/art_1071192_19091.html,桐土告字[2017]23号,桐土储[2017]14号地块,桐乡市濮院镇紫金路南侧、恒旺路东侧,28433.32平方米,普通商品住房用地,1<容积率≤2.3,8500万元,,: ; 土地估价备案号: ; 加价幅度:100万元 ; 投资强度:0万元/公顷 ; 建筑密度(%):≤30 ; 建筑限高(米): ; 绿化率(%):≥30 ; 保证金:1700万元 ; 场地平整达到场地平整。基础设施周围基础设施三通，即通水、通电、通路。: ; 出让年限:70年 ; 备注:土地用途：城镇住宅用地、批发零售用地；土地使用权出让年期：批发零售用地40年、城镇住宅用地70年。
﻿湖州市国土资源局国有建用地使用权拍卖出让公告(湖土资告字[2017]5号),2017-05-28,http://www.zjdlr.gov.cn/art/2017/5/28/art_1071192_19089.html,湖土资告字[2017]5号,2017-12,太湖旅游度假区滨湖东单元01-02地块（位于长东片区滨湖东控规单元内，北为太湖，南邻滨湖大道）,15531平方米,文体娱乐用地,0.3≤容积率≤0.6,1620万元,,: ; 土地估价备案号: ; 加价幅度:20万元 ; 投资强度:0万元/公顷 ; 建筑密度(%):≤30 ; 建筑限高(米):≤12 ; 绿化率(%):≥15 ; 保证金:324万元 ; 出让年限:40年 ; 现状土地条件:
﻿诸暨市国土资源局国有建用地使用权挂牌出让公告(诸土出告字[2017]15号),2017-05-28,http://www.zjdlr.gov.cn/art/2017/5/28/art_1071192_19088.html,诸土出告字[2017]15号,牌头镇长潭街村地块,牌头镇长潭街村,2512平方米,其他商服用地,1.5≤容积率≤2.2,359万元,,: ; 土地估价备案号: ; 加价幅度:5万元 ; 投资强度:0万元/公顷 ; 建筑密度(%):20≤建筑密度≤30 ; 建筑限高(米): ; 绿化率(%):≥15 ; 保证金:72万元 ; 挂牌截止时间:2017年06月28日16时00分 ; 出让年限:40年 ; 挂牌开始时间:2017年06月19日09时00分
﻿诸暨市国土资源局国有建用地使用权挂牌出让公告(诸土出告字[2017]15号),2017-05-28,http://www.zjdlr.gov.cn/art/2017/5/28/art_1071192_19088.html,诸土出告字[2017]15号,牌头镇同文村地块,牌头镇同文村,1401平方米,其他商服用地,1≤容积率≤1.1,125万元,,: ; 土地估价备案号: ; 加价幅度:5万元 ; 投资强度:0万元/公顷 ; 建筑密度(%):20≤建筑密度≤30 ; 建筑限高(米): ; 绿化率(%):≥15 ; 保证金:25万元 ; 挂牌截止时间:2017年06月28日16时00分 ; 出让年限:40年 ; 挂牌开始时间:2017年06月19日09时00分
﻿余姚市国土资源局国有建用地使用权挂牌出让公告(余国土告字[2017]6号),2017-05-28,http://www.zjdlr.gov.cn/art/2017/5/28/art_1071192_19087.html,余国土告字[2017]6号,2017-24,梨洲街道世南东路北侧、城东路西侧,73811平方米,普通商品住房用地,1.2≤容积率≤1.3,53697.5025万元,,: ; 土地估价备案号: ; 加价幅度:110.7165万元 ; 投资强度:0万元/公顷 ; 建筑密度(%):≤28 ; 建筑限高(米):≤18 ; 绿化率(%):≥30 ; 保证金:12000万元 ; 挂牌截止时间:2017年06月29日14时30分 ; 出让年限:70年 ; 备注:根据规划要求，该地块沿道路可结建适量居住配套商业用房，比例为5.2%-10% ; 挂牌开始时间:2017年06月16日08时30分 ; 现状土地条件按现状:
﻿余姚市国土资源局国有建用地使用权挂牌出让公告(余国土告字[2017]6号),2017-05-28,http://www.zjdlr.gov.cn/art/2017/5/28/art_1071192_19087.html,余国土告字[2017]6号,2017-25,梨洲街道世南东路北侧、城东路东侧,65793平方米,普通商品住房用地,1.5≤容积率≤1.6,49344.75万元,,: ; 土地估价备案号: ; 加价幅度:98.6895万元 ; 投资强度:0万元/公顷 ; 建筑密度(%):≤25 ; 建筑限高(米):≤36 ; 绿化率(%):≥30 ; 保证金:10000万元 ; 挂牌截止时间:2017年06月29日14时30分 ; 出让年限:70年 ; 挂牌开始时间:2017年06月16日08时30分 ; 现状土地条件按现状:
﻿余姚市国土资源局国有建用地使用权挂牌出让公告(余国土告字[2017]6号),2017-05-28,http://www.zjdlr.gov.cn/art/2017/5/28/art_1071192_19087.html,余国土告字[2017]6号,2017-26,梨洲街道世南东路南侧、城东路东侧,30750平方米,普通商品住房用地,2.2≤容积率≤2.5,27675万元,,: ; 土地估价备案号: ; 加价幅度:46.125万元 ; 投资强度:0万元/公顷 ; 建筑密度(%):≤22 ; 建筑限高(米):≤100 ; 绿化率(%):≥30 ; 保证金:6000万元 ; 挂牌截止时间:2017年06月29日14时30分 ; 出让年限:70年 ; 挂牌开始时间:2017年06月16日08时30分 ; 现状土地条件按现状:
﻿余姚市国土资源局国有建用地使用权挂牌出让公告(余国土告字[2017]6号),2017-05-28,http://www.zjdlr.gov.cn/art/2017/5/28/art_1071192_19087.html,余国土告字[2017]6号,2017-27,梨洲街道北兰江路北侧、中山路东侧,13801平方米,普通商品住房用地,1.5≤容积率≤1.6,9315.675万元,,: ; 土地估价备案号: ; 加价幅度:20.7015万元 ; 投资强度:0万元/公顷 ; 建筑密度(%):≤28 ; 建筑限高(米):≤21 ; 绿化率(%):≥30 ; 保证金:2000万元 ; 挂牌截止时间:2017年06月29日14时30分 ; 出让年限:70年 ; 挂牌开始时间:2017年06月16日08时30分 ; 现状土地条件按现状:
﻿丽水市国土资源局国有建用地使用权挂牌出让公告(丽土告字[2017]13号),2017-05-28,http://www.zjdlr.gov.cn/art/2017/5/28/art_1071192_19086.html,丽土告字[2017]13号,2017014,丽水南城成大街与江南路交叉口西北侧,87150平方米,普通商品住房用地,1.7≤容积率≤1.8,22185万元,,: ; 土地估价备案号:3304217BA0102 ; 加价幅度:20万元 ; 投资强度:0万元/公顷 ; 建筑密度(%):≤20 ; 建筑限高(米): ; 绿化率(%):≥30 ; 保证金:11093万元 ; 挂牌截止时间:2017年06月27日09时30分 ; 出让年限:70年 ; 挂牌开始时间:2017年06月18日09时00分
﻿杭州市国土资源局萧山分局国有建用地使用权挂牌出让公告(萧政储出告字[2017]8、10号),2017-05-28,http://www.zjdlr.gov.cn/art/2017/5/28/art_1071192_19085.html,萧政储出告字[2017]8、10号,萧政储出[2017]10号,蜀山西单元,8715平方米,其他商服用地,≤2,6798万元,,: ; 土地估价备案号: ; 加价幅度:50万元 ; 投资强度:0万元/公顷 ; 建筑密度(%):≤40 ; 建筑限高(米):≤60 ; 绿化率(%):≥25 ; 保证金:1360万元 ; 挂牌截止时间:2017年06月29日14时00分 ; 出让年限:40年 ; 挂牌开始时间:2017年06月19日08时30分
﻿杭州市国土资源局萧山分局国有建用地使用权挂牌出让公告(萧政储出告字[2017]8、10号),2017-05-28,http://www.zjdlr.gov.cn/art/2017/5/28/art_1071192_19085.html,萧政储出告字[2017]8、10号,萧政储出[2017]8号,萧山城区北干东单元,12505平方米,普通商品住房用地,1<容积率≤3.3,48226万元,,: ; 土地估价备案号: ; 加价幅度:100万元 ; 投资强度:0万元/公顷 ; 建筑密度(%):≤35 ; 建筑限高(米):≤100 ; 绿化率(%):≥30 ; 保证金:9646万元 ; 挂牌截止时间:2017年06月29日14时00分 ; 出让年限:70年 ; 挂牌开始时间:2017年06月19日08时30分
﻿余姚市国土资源局国有建用地使用权挂牌出让公告(余国土告字[2017]7号),2017-05-28,http://www.zjdlr.gov.cn/art/2017/5/28/art_1071192_19084.html,余国土告字[2017]7号,2017-28,滨海新城滨海大道北侧、兴谐路西侧,246851平方米,其他工业用地,1≤容积率≤2,6851.5964万元,,: ; 土地估价备案号: ; 加价幅度:37.0277万元 ; 投资强度:4050万元/公顷 ; 建筑密度(%):≤50 ; 建筑限高(米):≤24 ; 绿化率(%):≤20 ; 保证金:1370万元 ; 挂牌截止时间:2017年06月30日14时30分 ; 出让年限:50年 ; 挂牌开始时间:2017年06月19日08时30分 ; 现状土地条件按现状:
﻿余姚市国土资源局国有建用地使用权挂牌出让公告(余国土告字[2017]7号),2017-05-28,http://www.zjdlr.gov.cn/art/2017/5/28/art_1071192_19084.html,余国土告字[2017]7号,2017-29,滨海新城曹娥路西侧、兴海路南侧,33734平方米,其他工业用地,0.8≤容积率≤2,895.0811万元,,: ; 土地估价备案号: ; 加价幅度:5.0601万元 ; 投资强度:4950万元/公顷 ; 建筑密度(%):≤50 ; 建筑限高(米):≤24 ; 绿化率(%):≤20 ; 保证金:179万元 ; 挂牌截止时间:2017年06月30日14时30分 ; 出让年限:30年 ; 挂牌开始时间:2017年06月19日08时30分 ; 现状土地条件按现状:
﻿余姚市国土资源局国有建用地使用权挂牌出让公告(余国土告字[2017]7号),2017-05-28,http://www.zjdlr.gov.cn/art/2017/5/28/art_1071192_19084.html,余国土告字[2017]7号,2017-30,滨海新城建民北路东侧、兴海路南侧,10281平方米,其他工业用地,0.8≤容积率≤1.5,362.4053万元,,: ; 土地估价备案号: ; 加价幅度:1.5422万元 ; 投资强度:4500万元/公顷 ; 建筑密度(%): ; 建筑限高(米): ; 绿化率(%):≤20 ; 保证金:72万元 ; 挂牌截止时间:2017年06月30日14时30分 ; 出让年限:50年 ; 挂牌开始时间:2017年06月19日08时30分 ; 现状土地条件按现状:
﻿余姚市国土资源局国有建用地使用权挂牌出让公告(余国土告字[2017]7号),2017-05-28,http://www.zjdlr.gov.cn/art/2017/5/28/art_1071192_19084.html,余国土告字[2017]7号,2017-31,滨海新城建民北路东侧、兴海路南侧,10282平方米,其他工业用地,0.8≤容积率≤1.5,362.4405万元,,: ; 土地估价备案号: ; 加价幅度:1.5423万元 ; 投资强度:4500万元/公顷 ; 建筑密度(%): ; 建筑限高(米): ; 绿化率(%):≤20 ; 保证金:72万元 ; 挂牌截止时间:2017年06月30日14时30分 ; 出让年限:50年 ; 挂牌开始时间:2017年06月19日08时30分 ; 现状土地条件按现状:
﻿余姚市国土资源局国有建用地使用权挂牌出让公告(余国土告字[2017]7号),2017-05-28,http://www.zjdlr.gov.cn/art/2017/5/28/art_1071192_19084.html,余国土告字[2017]7号,2017-32,滨海新城兴涛路北侧、建民北路东侧,20007平方米,其他工业用地,1≤容积率≤2,474.7661万元,,: ; 土地估价备案号: ; 加价幅度:3.0011万元 ; 投资强度:3300万元/公顷 ; 建筑密度(%): ; 建筑限高(米): ; 绿化率(%):≤20 ; 保证金:94万元 ; 挂牌截止时间:2017年06月30日14时30分 ; 出让年限:30年 ; 挂牌开始时间:2017年06月19日08时30分 ; 现状土地条件按现状:
﻿余姚市国土资源局国有建用地使用权挂牌出让公告(余国土告字[2017]7号),2017-05-28,http://www.zjdlr.gov.cn/art/2017/5/28/art_1071192_19084.html,余国土告字[2017]7号,2017-33,兰江街道丰杨河村、郭相桥村,25781平方米,其他工业用地,1.2≤容积率≤1.8,1380.5726万元,,: ; 土地估价备案号: ; 加价幅度:3.8672万元 ; 投资强度:4050万元/公顷 ; 建筑密度(%): ; 建筑限高(米): ; 绿化率(%):≤20 ; 保证金:276万元 ; 挂牌截止时间:2017年06月30日14时30分 ; 出让年限:30年 ; 挂牌开始时间:2017年06月19日08时30分 ; 现状土地条件按现状:
﻿余姚市国土资源局国有建用地使用权挂牌出让公告(余国土告字[2017]7号),2017-05-28,http://www.zjdlr.gov.cn/art/2017/5/28/art_1071192_19084.html,余国土告字[2017]7号,2017-34,三七市镇姚东村,4690平方米,其他工业用地,1≤容积率≤1.8,281.4万元,,: ; 土地估价备案号: ; 加价幅度:0.7035万元 ; 投资强度:4050万元/公顷 ; 建筑密度(%): ; 建筑限高(米): ; 绿化率(%):≤20 ; 保证金:56万元 ; 挂牌截止时间:2017年06月30日14时30分 ; 出让年限:50年 ; 挂牌开始时间:2017年06月19日08时30分 ; 现状土地条件按现状:
﻿余姚市国土资源局国有建用地使用权挂牌出让公告(余国土告字[2017]7号),2017-05-28,http://www.zjdlr.gov.cn/art/2017/5/28/art_1071192_19084.html,余国土告字[2017]7号,2017-35,阳明街道新桥村,9908平方米,其他工业用地,0.8≤容积率≤1,713.376万元,,: ; 土地估价备案号: ; 加价幅度:1.4862万元 ; 投资强度:3900万元/公顷 ; 建筑密度(%): ; 建筑限高(米): ; 绿化率(%):≤20 ; 保证金:142万元 ; 挂牌截止时间:2017年06月30日14时30分 ; 出让年限:50年 ; 挂牌开始时间:2017年06月19日08时30分 ; 现状土地条件按现状:
﻿余姚市国土资源局国有建用地使用权挂牌出让公告(余国土告字[2017]7号),2017-05-28,http://www.zjdlr.gov.cn/art/2017/5/28/art_1071192_19084.html,余国土告字[2017]7号,2017-36,朗霞街道朗霞村,6810平方米,其他工业用地,1.2≤容积率≤2,459.675万元,,: ; 土地估价备案号: ; 加价幅度:1.0215万元 ; 投资强度:3000万元/公顷 ; 建筑密度(%): ; 建筑限高(米): ; 绿化率(%):≤20 ; 保证金:91万元 ; 挂牌截止时间:2017年06月30日14时30分 ; 出让年限:50年 ; 挂牌开始时间:2017年06月19日08时30分 ; 现状土地条件按现状:
﻿余姚市国土资源局国有建用地使用权挂牌出让公告(余国土告字[2017]7号),2017-05-28,http://www.zjdlr.gov.cn/art/2017/5/28/art_1071192_19084.html,余国土告字[2017]7号,2017-37,朗霞街道朗霞村,7627平方米,其他工业用地,1.2≤容积率≤2,514.8225万元,,: ; 土地估价备案号: ; 加价幅度:1.1441万元 ; 投资强度:3750万元/公顷 ; 建筑密度(%): ; 建筑限高(米): ; 绿化率(%):≤20 ; 保证金:102万元 ; 挂牌截止时间:2017年06月30日14时30分 ; 出让年限:50年 ; 挂牌开始时间:2017年06月19日08时30分 ; 现状土地条件按现状:
﻿余姚市国土资源局国有建用地使用权挂牌出让公告(余国土告字[2017]7号),2017-05-28,http://www.zjdlr.gov.cn/art/2017/5/28/art_1071192_19084.html,余国土告字[2017]7号,2017-38,朗霞街道天中村、朗霞村,42028平方米,其他工业用地,1.2≤容积率≤2,1490.9433万元,,: ; 土地估价备案号: ; 加价幅度:6.3042万元 ; 投资强度:3000万元/公顷 ; 建筑密度(%): ; 建筑限高(米): ; 绿化率(%):≤20 ; 保证金:298万元 ; 挂牌截止时间:2017年06月30日14时30分 ; 出让年限:20年 ; 挂牌开始时间:2017年06月19日08时30分 ; 现状土地条件按现状:
﻿余姚市国土资源局国有建用地使用权挂牌出让公告(余国土告字[2017]7号),2017-05-28,http://www.zjdlr.gov.cn/art/2017/5/28/art_1071192_19084.html,余国土告字[2017]7号,2017-39,凤山街道双河村、穴湖村,3137平方米,其他工业用地,1≤容积率≤1.8,235.275万元,,: ; 土地估价备案号: ; 加价幅度:0.4706万元 ; 投资强度:4050万元/公顷 ; 建筑密度(%): ; 建筑限高(米): ; 绿化率(%):≤20 ; 保证金:47万元 ; 挂牌截止时间:2017年06月30日14时30分 ; 出让年限:50年 ; 挂牌开始时间:2017年06月19日08时30分 ; 现状土地条件按现状:
﻿余姚市国土资源局国有建用地使用权挂牌出让公告(余国土告字[2017]7号),2017-05-28,http://www.zjdlr.gov.cn/art/2017/5/28/art_1071192_19084.html,余国土告字[2017]7号,2017-40,大岚镇大岚村,3045平方米,风景名胜设施用地,≤1.2,137.025万元,,: ; 土地估价备案号: ; 加价幅度:2.2838万元 ; 投资强度:0万元/公顷 ; 建筑密度(%): ; 建筑限高(米): ; 绿化率(%):≥20 ; 保证金:68万元 ; 挂牌截止时间:2017年06月30日14时30分 ; 出让年限:40年 ; 挂牌开始时间:2017年06月19日08时30分 ; 现状土地条件按现状:
﻿仙居县国土资源局国有建用地使用权挂牌出让公告(仙土资告字[2017]4号),2017-05-28,http://www.zjdlr.gov.cn/art/2017/5/28/art_1071192_19083.html,仙土资告字[2017]4号,1,环城南路以北、泰和路以西,140761平方米,商服用地,1<容积率≤2.6,82345万元,,: ; 土地估价备案号: ; 加价幅度:10万元 ; 投资强度:0万元/公顷 ; 建筑密度(%):≥39 ; 建筑限高(米):≤100 ; 绿化率(%):25≤绿化率≤30 ; 保证金:24700万元 ; 挂牌截止时间:2017年06月28日10时00分 ; 出让年限:40年 ; 挂牌开始时间:2017年06月19日08时00分
﻿杭州市国土资源局萧山分局国有建用地使用权挂牌出让公告(萧政储出告字[2017]9号),2017-05-28,http://www.zjdlr.gov.cn/art/2017/5/28/art_1071192_19082.html,萧政储出告字[2017]9号,萧政储出[2017]9号,萧山城区蜀山单元,26601.5平方米,普通商品住房用地,1<容积率≤2.7,84753万元,,: ; 土地估价备案号: ; 加价幅度:100万元 ; 投资强度:0万元/公顷 ; 建筑密度(%):≤28 ; 建筑限高(米):≤80 ; 绿化率(%):≥30 ; 保证金:16951万元 ; 挂牌截止时间:2017年06月29日14时00分 ; 出让年限:70年 ; 挂牌开始时间:2017年06月19日08时30分
﻿湖州市国土资源局国有建用地使用权拍卖出让公告(湖土资告字[2017]6号),2017-05-28,http://www.zjdlr.gov.cn/art/2017/5/28/art_1071192_19081.html,湖土资告字[2017]6号,2017-13,仁皇山分区RHS-03-04-02k号地块[位于仁北单元，西临垄山路（即安吉路），地块南北两侧为垄山农民新村，东侧为规划发展用地],10004平方米,批发零售用地,1≤容积率≤1.2,1110万元,,: ; 土地估价备案号: ; 加价幅度:10万元 ; 投资强度:0万元/公顷 ; 建筑密度(%):≤40 ; 建筑限高(米):≤24 ; 绿化率(%):≥20 ; 保证金:222万元 ; 出让年限:40年 ; 现状土地条件:
﻿新昌县国土资源局国有建用地使用权公开公告出让公告(新土拍告字[2017]5号),2017-05-28,http://www.zjdlr.gov.cn/art/2017/5/28/art_1071192_19080.html,新土拍告字[2017]5号,2017年经4号,新和成路与金山路交叉口西侧,58937平方米,普通商品住房用地,1<容积率≤2.2,,,: ; 土地估价备案号:3307117BA0026 ; 投资强度:0万元/公顷 ; 建筑密度(%):≤25 ; 建筑限高(米): ; 绿化率(%): ; 保证金:7000万元 ; 出让年限:70年 ; 备注:（3205417BA0171）竞得人须自行负责地块建设的基础设施配套。
﻿宁海县国土资源局国有建用地使用权挂牌出让公告(宁土资告字[2017]008号),2017-05-27,http://www.zjdlr.gov.cn/art/2017/5/27/art_1071192_19078.html,宁土资告字[2017]008号,科技区块26-A地块,兴海北路以东、南岙村以南,76536平方米,其他工业用地,0.8≤容积率≤3,5170万元,,: ; 土地估价备案号:3305017BA0017 ; 加价幅度:5万元 ; 投资强度:0万元/公顷 ; 建筑密度(%):≤55 ; 建筑限高(米): ; 绿化率(%): ; 保证金:550万元 ; 挂牌截止时间:2017年06月29日15时00分 ; 出让年限:50年 ; 现状土地条件: ; 挂牌开始时间:2017年06月15日08时00分
﻿宁海县国土资源局国有建用地使用权挂牌出让公告(宁土资告字[2017]007号),2017-05-27,http://www.zjdlr.gov.cn/art/2017/5/27/art_1071192_19077.html,宁土资告字[2017]007号,宁海县新城市中心区19-A-1地块,桃源街道杨家村北侧,48466平方米,普通商品住房用地,2≤容积率≤2.2,0万元,,: ; 土地估价备案号:3305017BA0046 ; 加价幅度:0万元 ; 投资强度:0万元/公顷 ; 建筑密度(%):≤35 ; 建筑限高(米): ; 绿化率(%):≥30 ; 保证金:12800万元 ; 挂牌截止时间:2017年06月29日15时00分 ; 出让年限:70年 ; 现状土地条件: ; 挂牌开始时间:2017年06月15日08时00分 ; 备注:起挂价：楼面地价4000元/平方米；加价幅度：楼面地价5元/平方米或其整数倍
﻿温州市国土资源局国有建用地使用权挂牌出让公告(温审资中心土告字[2017]14号),2017-05-27,http://www.zjdlr.gov.cn/art/2017/5/27/art_1071192_19076.html,温审资中心土告字[2017]14号,温州市浅滩一期D-05-07-02地块,温州市浅滩一期内,13285.6平方米,工业用地,1.2≤容积率≤2,818万元,,: ; 土地估价备案号: ; 加价幅度:20万元 ; 投资强度:3000万元/公顷 ; 建筑密度(%):30≤建筑密度≤50 ; 建筑限高(米): ; 绿化率(%): ; 保证金:165万元 ; 挂牌截止时间:2017年06月21日09时00分 ; 出让年限:50年 ; 挂牌开始时间:2017年06月08日09时00分
﻿长兴县国土资源局国有建用地使用权拍卖出让公告(长土告字[2017]7号),2017-05-27,http://www.zjdlr.gov.cn/art/2017/5/27/art_1071192_19075.html,长土告字[2017]7号,2017-35,龙山街道川步村,868平方米,住宿餐饮用地,1.3≤容积率≤1.35,59万元,,: ; 土地估价备案号:3300717BA0161 ; 加价幅度:1万元 ; 投资强度:0万元/公顷 ; 建筑密度(%): ; 建筑限高(米): ; 绿化率(%): ; 保证金:12万元 ; 现状土地条件净地: ; 出让年限:40年
﻿长兴县国土资源局国有建用地使用权拍卖出让公告(长土告字[2017]7号),2017-05-27,http://www.zjdlr.gov.cn/art/2017/5/27/art_1071192_19075.html,长土告字[2017]7号,2017-36,龙山街道川步村,225平方米,住宿餐饮用地,1.3≤容积率≤1.35,15.5万元,,: ; 土地估价备案号:3300717BA0162 ; 加价幅度:1万元 ; 投资强度:0万元/公顷 ; 建筑密度(%): ; 建筑限高(米): ; 绿化率(%): ; 保证金:10万元 ; 现状土地条件净地: ; 出让年限:40年
﻿长兴县国土资源局国有建用地使用权拍卖出让公告(长土告字[2017]7号),2017-05-27,http://www.zjdlr.gov.cn/art/2017/5/27/art_1071192_19075.html,长土告字[2017]7号,2017-37,龙山街道川步村,200平方米,住宿餐饮用地,1.3≤容积率≤1.35,13.5万元,,: ; 土地估价备案号:3300717BA0163 ; 加价幅度:1万元 ; 投资强度:0万元/公顷 ; 建筑密度(%): ; 建筑限高(米): ; 绿化率(%): ; 保证金:10万元 ; 现状土地条件净地: ; 出让年限:40年
﻿长兴县国土资源局国有建用地使用权拍卖出让公告(长土告字[2017]7号),2017-05-27,http://www.zjdlr.gov.cn/art/2017/5/27/art_1071192_19075.html,长土告字[2017]7号,2017-38,龙山街道川步村,1289平方米,住宿餐饮用地,1.3≤容积率≤1.35,87万元,,: ; 土地估价备案号:3300717BA0164 ; 加价幅度:1万元 ; 投资强度:0万元/公顷 ; 建筑密度(%): ; 建筑限高(米): ; 绿化率(%): ; 保证金:18万元 ; 现状土地条件净地: ; 出让年限:40年
﻿长兴县国土资源局国有建用地使用权拍卖出让公告(长土告字[2017]7号),2017-05-27,http://www.zjdlr.gov.cn/art/2017/5/27/art_1071192_19075.html,长土告字[2017]7号,2017-39,龙山街道川步村,1267平方米,住宿餐饮用地,1.3≤容积率≤1.35,85万元,,: ; 土地估价备案号:3300717BA0165 ; 加价幅度:1万元 ; 投资强度:0万元/公顷 ; 建筑密度(%): ; 建筑限高(米): ; 绿化率(%): ; 保证金:17万元 ; 现状土地条件净地: ; 出让年限:40年
﻿长兴县国土资源局国有建用地使用权拍卖出让公告(长土告字[2017]7号),2017-05-27,http://www.zjdlr.gov.cn/art/2017/5/27/art_1071192_19075.html,长土告字[2017]7号,2017-40,龙山街道川步村,448平方米,住宿餐饮用地,1.3≤容积率≤1.35,30.5万元,,: ; 土地估价备案号:3300717BA0166 ; 加价幅度:1万元 ; 投资强度:0万元/公顷 ; 建筑密度(%): ; 建筑限高(米): ; 绿化率(%): ; 保证金:10万元 ; 出让年限:40年
﻿长兴县国土资源局国有建用地使用权拍卖出让公告(长土告字[2017]7号),2017-05-27,http://www.zjdlr.gov.cn/art/2017/5/27/art_1071192_19075.html,长土告字[2017]7号,2017-41,龙山街道川步村,571平方米,住宿餐饮用地,1.3≤容积率≤1.35,39万元,,: ; 土地估价备案号:3300717BA0167 ; 加价幅度:1万元 ; 投资强度:0万元/公顷 ; 建筑密度(%): ; 建筑限高(米): ; 绿化率(%): ; 保证金:10万元 ; 现状土地条件净地: ; 出让年限:40年
﻿长兴县国土资源局国有建用地使用权拍卖出让公告(长土告字[2017]7号),2017-05-27,http://www.zjdlr.gov.cn/art/2017/5/27/art_1071192_19075.html,长土告字[2017]7号,2017-42,龙山街道川步村,225平方米,住宿餐饮用地,1.3≤容积率≤1.35,15.5万元,,: ; 土地估价备案号:3300717BA0168 ; 加价幅度:1万元 ; 投资强度:0万元/公顷 ; 建筑密度(%): ; 建筑限高(米): ; 绿化率(%): ; 保证金:10万元 ; 现状土地条件净地: ; 出让年限:40年
﻿长兴县国土资源局国有建用地使用权拍卖出让公告(长土告字[2017]7号),2017-05-27,http://www.zjdlr.gov.cn/art/2017/5/27/art_1071192_19075.html,长土告字[2017]7号,2017-43,龙山街道川步村,125平方米,住宿餐饮用地,1.3≤容积率≤1.35,8.5万元,,: ; 土地估价备案号:3300717BA0169 ; 加价幅度:1万元 ; 投资强度:0万元/公顷 ; 建筑密度(%): ; 建筑限高(米): ; 绿化率(%): ; 保证金:8.5万元 ; 现状土地条件净地: ; 出让年限:40年
﻿长兴县国土资源局国有建用地使用权拍卖出让公告(长土告字[2017]7号),2017-05-27,http://www.zjdlr.gov.cn/art/2017/5/27/art_1071192_19075.html,长土告字[2017]7号,2017-44,龙山街道川步村,776平方米,住宿餐饮用地,1.3≤容积率≤1.35,52万元,,: ; 土地估价备案号:3300717BA0170 ; 加价幅度:11万元 ; 投资强度:0万元/公顷 ; 建筑密度(%): ; 建筑限高(米): ; 绿化率(%): ; 保证金:11万元 ; 现状土地条件净地: ; 出让年限:40年
﻿长兴县国土资源局国有建用地使用权拍卖出让公告(长土告字[2017]7号),2017-05-27,http://www.zjdlr.gov.cn/art/2017/5/27/art_1071192_19075.html,长土告字[2017]7号,2017-45,龙山街道川步村,1106平方米,住宿餐饮用地,1.3≤容积率≤1.35,74万元,,: ; 土地估价备案号:3300717BA0171 ; 加价幅度:1万元 ; 投资强度:0万元/公顷 ; 建筑密度(%): ; 建筑限高(米): ; 绿化率(%): ; 保证金:15万元 ; 现状土地条件净地: ; 出让年限:40年
﻿长兴县国土资源局国有建用地使用权拍卖出让公告(长土告字[2017]7号),2017-05-27,http://www.zjdlr.gov.cn/art/2017/5/27/art_1071192_19075.html,长土告字[2017]7号,2017-46,龙山街道川步村,1567平方米,住宿餐饮用地,1.3≤容积率≤1.35,105万元,,: ; 土地估价备案号:3300717BA0172 ; 加价幅度:1万元 ; 投资强度:0万元/公顷 ; 建筑密度(%): ; 建筑限高(米): ; 绿化率(%): ; 保证金:21万元 ; 现状土地条件净地: ; 出让年限:40年
﻿长兴县国土资源局国有建用地使用权拍卖出让公告(长土告字[2017]7号),2017-05-27,http://www.zjdlr.gov.cn/art/2017/5/27/art_1071192_19075.html,长土告字[2017]7号,2017-47,龙山街道川步村,480平方米,住宿餐饮用地,1.3≤容积率≤1.35,33万元,,: ; 土地估价备案号:3300717BA0173 ; 加价幅度:1万元 ; 投资强度:0万元/公顷 ; 建筑密度(%): ; 建筑限高(米): ; 绿化率(%): ; 保证金:10万元 ; 现状土地条件净地: ; 出让年限:40年
﻿长兴县国土资源局国有建用地使用权拍卖出让公告(长土告字[2017]7号),2017-05-27,http://www.zjdlr.gov.cn/art/2017/5/27/art_1071192_19075.html,长土告字[2017]7号,2017-48,龙山街道川步村,1407平方米,住宿餐饮用地,1.3≤容积率≤1.35,95万元,,: ; 土地估价备案号:3300717BA0174 ; 加价幅度:1万元 ; 投资强度:0万元/公顷 ; 建筑密度(%): ; 建筑限高(米): ; 绿化率(%): ; 保证金:19万元 ; 现状土地条件净地: ; 出让年限:40年
﻿长兴县国土资源局国有建用地使用权拍卖出让公告(长土告字[2017]7号),2017-05-27,http://www.zjdlr.gov.cn/art/2017/5/27/art_1071192_19075.html,长土告字[2017]7号,2017-7,洪桥镇太湖村、中道村,24986平方米,普通商品住房用地,1<容积率≤1.1,1912万元,,: ; 土地估价备案号:3300717BA0075 ; 加价幅度:10万元 ; 投资强度:0万元/公顷 ; 建筑密度(%):≤30 ; 建筑限高(米):≤12 ; 绿化率(%):≥30 ; 保证金:383万元 ; 现状土地条件净地: ; 出让年限:70年
﻿长兴县国土资源局国有建用地使用权挂牌出让公告(长土(工)告字[2017]4号),2017-05-27,http://www.zjdlr.gov.cn/art/2017/5/27/art_1071192_19074.html,长土(工)告字[2017]4号,2017（工）-44,和平镇横涧村,43687平方米,其他工业用地,≥1.2,1538万元,,: ; 土地估价备案号:3300716BA0345 ; 加价幅度:5万元 ; 投资强度:3750万元/公顷 ; 场地平整三通一平基础设施: ; 建筑限高(米): ; 绿化率(%):≤10 ; 保证金:308万元 ; 建筑密度(%):≥35 ; 挂牌截止时间:2017年06月28日14时30分 ; 出让年限:50年 ; 挂牌开始时间:2017年06月15日08时00分
﻿长兴县国土资源局国有建用地使用权挂牌出让公告(长土(工)告字[2017]4号),2017-05-27,http://www.zjdlr.gov.cn/art/2017/5/27/art_1071192_19074.html,长土(工)告字[2017]4号,2017（工）-45,和平镇横涧村,11986平方米,其他工业用地,≥1.2,422万元,,: ; 土地估价备案号:3300717BA0230 ; 加价幅度:1万元 ; 投资强度:250万元/公顷 ; 场地平整三通一平基础设施: ; 建筑限高(米): ; 绿化率(%):≤10 ; 保证金:85万元 ; 建筑密度(%):≥35 ; 挂牌截止时间:2017年06月28日14时40分 ; 出让年限:50年 ; 挂牌开始时间:2017年06月15日08时00分
﻿温州市国土资源局国有建用地使用权挂牌出让公告(温审资中心土告字[2017]19号),2017-05-27,http://www.zjdlr.gov.cn/art/2017/5/27/art_1071192_19071.html,温审资中心土告字[2017]19号,温州市浅滩一期F-04-04-06地块,温州市浅滩一期内,33356.43平方米,工业用地,1.1≤容积率≤2,1992万元,,: ; 土地估价备案号: ; 加价幅度:20万元 ; 投资强度:3000万元/公顷 ; 建筑密度(%):30≤建筑密度≤50 ; 建筑限高(米):≤60 ; 绿化率(%):=20 ; 保证金:400万元 ; 挂牌截止时间:2017年06月23日09时00分 ; 出让年限:50年 ; 挂牌开始时间:2017年06月12日09时00分
﻿平阳县国土资源局国有建用地使用权拍卖出让公告(平阳县告字[2017]15号),2017-05-27,http://www.zjdlr.gov.cn/art/2017/5/27/art_1071192_19070.html,平阳县告字[2017]15号,1,平阳县昆阳镇城东B73地块,32220平方米,普通商品住房用地,1≤容积率≤2,19062万元,,: ; 土地估价备案号:3314917BA0007 ; 加价幅度:0万元 ; 投资强度:0万元/公顷 ; 建筑密度(%):≤35 ; 场地平整基础设施五通: ; 绿化率(%): ; 保证金:3813万元 ; 出让年限:70年 ; 建筑限高(米):
﻿温州市国土资源局国有建用地使用权挂牌出让公告(温审资中心土告字[2017]13号),2017-05-27,http://www.zjdlr.gov.cn/art/2017/5/27/art_1071192_19069.html,温审资中心土告字[2017]13号,温州市浅滩一期D-05-07-01地块,温州市浅滩一期内,20000.27平方米,工业用地,0.9≤容积率≤2,1231万元,,: ; 土地估价备案号: ; 加价幅度:20万元 ; 投资强度:4050万元/公顷 ; 建筑密度(%):30≤建筑密度≤50 ; 建筑限高(米):≤60 ; 绿化率(%):=20 ; 保证金:248万元 ; 挂牌截止时间:2017年06月21日09时00分 ; 出让年限:50年 ; 挂牌开始时间:2017年06月08日09时00分
﻿温州市国土资源局国有建用地使用权挂牌出让公告(温审资中心土告字[2017]12号),2017-05-27,http://www.zjdlr.gov.cn/art/2017/5/27/art_1071192_19068.html,温审资中心土告字[2017]12号,温州市半岛起步区A-13f地块,温州市半岛起步区内,53006.25平方米,工业用地,1.1≤容积率≤2,3260万元,,: ; 土地估价备案号: ; 加价幅度:20万元 ; 投资强度:5100万元/公顷 ; 建筑密度(%):30≤建筑密度≤40 ; 建筑限高(米):≤65 ; 绿化率(%):=20 ; 保证金:652万元 ; 挂牌截止时间:2017年05月26日09时00分 ; 出让年限:50年 ; 挂牌开始时间:2017年05月15日09时00分
﻿遂昌县国土资源局国有建用地使用权挂牌出让公告(遂土资告字[2017]13号),2017-05-27,http://www.zjdlr.gov.cn/art/2017/5/27/art_1071192_19067.html,遂土资告字[2017]13号,遂昌县东城工业园区龙板山区块SGYP(2017)009号地块,遂昌县东城工业园区龙板山区块SGYP(2017)009号地块,10001平方米,其他工业用地,0.7≤容积率≤1.5,151万元,,: ; 土地估价备案号: ; 加价幅度:1万元 ; 投资强度:2520万元/公顷 ; 建筑密度(%):30≤建筑密度≤55 ; 建筑限高(米): ; 绿化率(%):≤20 ; 保证金:60万元 ; 挂牌截止时间:2017年06月26日16时00分 ; 出让年限:50年 ; 现状土地条件: ; 挂牌开始时间:2017年06月14日08时30分
﻿遂昌县国土资源局国有建用地使用权挂牌出让公告(遂土资告字[2017]13号),2017-05-27,http://www.zjdlr.gov.cn/art/2017/5/27/art_1071192_19067.html,遂土资告字[2017]13号,遂昌县东城工业园区龙板山区块SGYP(2017)010号地块,遂昌县东城工业园区龙板山区块SGYP(2017)010号地块,14028平方米,标准厂房,0.8≤容积率≤1.5,211.8万元,,: ; 土地估价备案号: ; 加价幅度:1.4万元 ; 投资强度:2730万元/公顷 ; 建筑密度(%):30≤建筑密度≤55 ; 建筑限高(米): ; 绿化率(%):≤20 ; 保证金:84万元 ; 挂牌截止时间:2017年06月26日16时00分 ; 出让年限:50年 ; 现状土地条件: ; 挂牌开始时间:2017年06月14日08时30分
﻿宁海县国土资源局国有建用地使用权挂牌出让公告(宁土资告字[2017]01009号),2017-05-31,http://www.zjdlr.gov.cn/art/2017/5/31/art_1071192_19100.html,宁土资告字[2017]01009号,宁海县原奥达洁具地块,宁海县梅桥区块,38673平方米,其他商服用地,0.5≤容积率≤1,4300万元,,: ; 土地估价备案号:3305017BA0047 ; 加价幅度:10万元 ; 投资强度:0万元/公顷 ; 建筑密度(%):≤35 ; 建筑限高(米): ; 绿化率(%):≥20 ; 保证金:1290万元 ; 挂牌截止时间:2017年07月05日15时00分 ; 出让年限:40年 ; 现状土地条件: ; 挂牌开始时间:2017年06月20日08时00分
﻿海宁市国土资源局国有建用地使用权挂牌出让公告(海土告字[2017]10号),2017-05-31,http://www.zjdlr.gov.cn/art/2017/5/31/art_1071192_19099.html,海土告字[2017]10号,海土字17099号,黄湾镇硖尖公路西侧、翁金线北侧,22204平方米,标准厂房,1.2≤容积率≤1.6,900万元,,: ; 土地估价备案号:3301417BA0095 ; 加价幅度:15万元 ; 投资强度:4500万元/公顷 ; 场地平整基础设施: ; 建筑密度(%):≤50 ; 建筑限高(米): ; 绿化率(%):12≤绿化率≤15 ; 保证金:180万元 ; 挂牌截止时间:2017年06月30日15时00分 ; 出让年限:50年 ; 挂牌开始时间:2017年06月19日08时30分
﻿海宁市国土资源局国有建用地使用权挂牌出让公告(海土告字[2017]10号),2017-05-31,http://www.zjdlr.gov.cn/art/2017/5/31/art_1071192_19099.html,海土告字[2017]10号,海土字17107号,尖山新区潮起路西侧、富江路北侧,26941平方米,其他商服用地,1.3≤容积率≤1.6,6150万元,,: ; 土地估价备案号:3301417BA0101 ; 加价幅度:100万元 ; 投资强度:0万元/公顷 ; 场地平整基础设施: ; 建筑密度(%):≤45 ; 建筑限高(米): ; 绿化率(%):≥15 ; 保证金:1230万元 ; 挂牌截止时间:2017年06月30日15时00分 ; 出让年限:40年 ; 挂牌开始时间:2017年06月19日08时30分 ; 备注:地块内设置一个建筑面积不少于3000平方米壁球馆，并不得分割转让
﻿海宁市国土资源局国有建用地使用权挂牌出让公告(海土告字[2017]10号),2017-05-31,http://www.zjdlr.gov.cn/art/2017/5/31/art_1071192_19099.html,海土告字[2017]10号,海土字17125号,周王庙镇华锦路北侧、创新路西侧,17315平方米,其他工业用地,≥1.1,750万元,,: ; 土地估价备案号:3301417BA0100 ; 加价幅度:10万元 ; 投资强度:4335万元/公顷 ; 场地平整基础设施: ; 建筑密度(%):≤50 ; 建筑限高(米): ; 绿化率(%):≥12 ; 保证金:150万元 ; 挂牌截止时间:2017年06月30日15时00分 ; 出让年限:50年 ; 挂牌开始时间:2017年06月19日08时30分
﻿海宁市国土资源局国有建用地使用权挂牌出让公告(海土告字[2017]10号),2017-05-31,http://www.zjdlr.gov.cn/art/2017/5/31/art_1071192_19099.html,海土告字[2017]10号,海土字17127号,丁桥镇芦红路东侧、龙源纺织北侧地块,12801平方米,其他工业用地,≥1.3,720万元,,: ; 土地估价备案号:3301417BA0096 ; 加价幅度:10万元 ; 投资强度:4680万元/公顷 ; 场地平整基础设施: ; 建筑密度(%):≤50 ; 建筑限高(米): ; 绿化率(%):≥12 ; 保证金:150万元 ; 挂牌截止时间:2017年06月30日15时00分 ; 出让年限:50年 ; 挂牌开始时间:2017年06月19日08时30分
﻿海宁市国土资源局国有建用地使用权挂牌出让公告(海土告字[2017]10号),2017-05-31,http://www.zjdlr.gov.cn/art/2017/5/31/art_1071192_19099.html,海土告字[2017]10号,海土字17128号,丁桥镇芦红路东侧、龙源纺织北侧地块2,9973平方米,其他工业用地,≥1.3,565万元,,: ; 土地估价备案号:3301417BA0099 ; 加价幅度:5万元 ; 投资强度:4590万元/公顷 ; 场地平整基础设施: ; 建筑密度(%):≤50 ; 建筑限高(米): ; 绿化率(%):≥12 ; 保证金:120万元 ; 挂牌截止时间:2017年06月30日15时00分 ; 出让年限:50年 ; 挂牌开始时间:2017年06月19日08时30分
﻿海宁市国土资源局国有建用地使用权挂牌出让公告(海土告字[2017]10号),2017-05-31,http://www.zjdlr.gov.cn/art/2017/5/31/art_1071192_19099.html,海土告字[2017]10号,海土字17134号,长安镇创业路东侧、联合路南侧,12729平方米,其他工业用地,≥1.5,520万元,,: ; 土地估价备案号:3301417BA0098 ; 加价幅度:10万元 ; 投资强度:5280万元/公顷 ; 场地平整基础设施: ; 建筑密度(%):≤50 ; 建筑限高(米): ; 绿化率(%):15≤绿化率≤20 ; 保证金:110万元 ; 挂牌截止时间:2017年06月30日15时00分 ; 出让年限:50年 ; 挂牌开始时间:2017年06月19日08时30分
﻿海宁市国土资源局国有建用地使用权挂牌出让公告(海土告字[2017]10号),2017-05-31,http://www.zjdlr.gov.cn/art/2017/5/31/art_1071192_19099.html,海土告字[2017]10号,海土字17135号,高新区之江路南侧、二号直河西侧,11656平方米,其他工业用地,≥1.2,480万元,,: ; 土地估价备案号:3301417BA0097 ; 加价幅度:10万元 ; 投资强度:4265万元/公顷 ; 场地平整基础设施: ; 建筑密度(%):30≤建筑密度≤50 ; 建筑限高(米): ; 绿化率(%):15≤绿化率≤20 ; 保证金:100万元 ; 挂牌截止时间:2017年06月30日15时00分 ; 出让年限:50年 ; 挂牌开始时间:2017年06月19日08时30分
﻿海宁市国土资源局国有建用地使用权挂牌出让公告(海土告字[2017]10号),2017-05-31,http://www.zjdlr.gov.cn/art/2017/5/31/art_1071192_19099.html,海土告字[2017]10号,海土字17136号,文宗路西联合路南侧,15342平方米,普通商品住房用地,1.8≤容积率≤2.2,20700万元,,: ; 土地估价备案号:3301417BA0103 ; 加价幅度:200万元 ; 投资强度:0万元/公顷 ; 场地平整基础设施: ; 建筑密度(%):≤30 ; 建筑限高(米): ; 绿化率(%):≥30 ; 保证金:4200万元 ; 挂牌截止时间:2017年06月30日15时00分 ; 出让年限:70年 ; 挂牌开始时间:2017年06月19日08时30分
﻿海宁市国土资源局国有建用地使用权挂牌出让公告(海土告字[2017]10号),2017-05-31,http://www.zjdlr.gov.cn/art/2017/5/31/art_1071192_19099.html,海土告字[2017]10号,海土字17138号,尖山新区凤凰路东侧、安江路北侧,7510平方米,其他工业用地,≥1.1,155万元,,: ; 土地估价备案号:3301417BA0102 ; 加价幅度:5万元 ; 投资强度:4455万元/公顷 ; 场地平整基础设施: ; 建筑密度(%):≤50 ; 建筑限高(米): ; 绿化率(%):12≤绿化率≤15 ; 保证金:35万元 ; 挂牌截止时间:2017年06月30日15时00分 ; 出让年限:50年 ; 挂牌开始时间:2017年06月19日08时30分
﻿泰顺县国土资源局国有建用地使用权挂牌出让公告(泰土资告字[2017]TZJXC170509014号),2017-05-31,http://www.zjdlr.gov.cn/art/2017/5/31/art_1071192_19098.html,泰土资告字[2017]TZJXC170509014号,330329010504009,泰顺县罗阳镇下交垟村,3335.5平方米,其他工业用地,1≤容积率≤1.54,162万元,,: ; 土地估价备案号:3313317BA0012 ; 加价幅度:1万元 ; 投资强度:2550万元/公顷 ; 建筑密度(%):30≤建筑密度≤40.41 ; 建筑限高(米):≤24 ; 绿化率(%):≥20 ; 保证金:33万元 ; 挂牌截止时间:2017年07月04日15时00分 ; 出让年限:50年 ; 场地平整宗地红线内场地平整基础设施五通[通路（施工道路）、通电、通上水、通下水、通讯]: ; 挂牌开始时间:2017年06月17日08时00分
﻿绍兴市国土资源局柯桥区分局国有建用地使用权挂牌出让公告(柯桥区土资挂告字[2017]10号),2017-05-31,http://www.zjdlr.gov.cn/art/2017/5/31/art_1071192_19097.html,柯桥区土资挂告字[2017]10号,柯桥城区G-28地块,华舍街道西周居。东至西周直江，南至钱陶公路，西至金青针纺有限公司，北至三江大河,5599平方米,其他工业用地,≥1.5,438.96万元,,: ; 土地估价备案号: ; 加价幅度:10万元 ; 投资强度:200万元/公顷 ; 建筑密度(%):40≤建筑密度≤55 ; 场地平整该地块现状已达到“三通”（通路、通电、通水）的基本使用条件，具体由华舍街道办事处负责实施。经华舍街道办事处确认，地块内无地上地下管线。基础设施: ; 建筑限高(米): ; 绿化率(%):≤10 ; 保证金:220万元 ; 挂牌截止时间:2017年06月28日16时00分 ; 出让年限:50年 ; 挂牌开始时间:2017年06月19日08时30分
﻿绍兴市国土资源局柯桥区分局国有建用地使用权挂牌出让公告(柯桥区土资挂告字[2017]10号),2017-05-31,http://www.zjdlr.gov.cn/art/2017/5/31/art_1071192_19097.html,柯桥区土资挂告字[2017]10号,柯岩KQ-15-02-08地块,柯岩街道蓬山村。东至蓬山河，南至会稽山酒厂区，西至会稽山酒厂区，北至规划高尔夫路,17206平方米,其他工业用地,1.1≤容积率≤2.2,1655万元,,: ; 土地估价备案号: ; 场地平整该地块现状已达到“三通”（通路、通电、通水）的基本使用条件，具体由柯岩街道办事处负责实施。经柯岩街道办事处确认，地块内无地上地下管线。基础设施: ; 投资强度:200万元/公顷 ; 建筑密度(%):40≤建筑密度≤50 ; 建筑限高(米): ; 加价幅度:10万元 ; 绿化率(%):≤10 ; 保证金:828万元 ; 挂牌截止时间:2017年06月28日16时00分 ; 出让年限:50年 ; 挂牌开始时间:2017年06月19日08时30分
﻿瑞安市国土资源局国有建用地使用权挂牌出让公告(瑞土告字[2017]070号),2017-05-31,http://www.zjdlr.gov.cn/art/2017/5/31/art_1071192_19096.html,瑞土告字[2017]070号,2017XG013,塘下镇塘口村L5-1-2地块,60049.02平方米,普通商品住房用地,1≤容积率≤3.1,60715.24万元,,: ; 土地估价备案号: ; 加价幅度:50万元 ; 投资强度:0万元/公顷 ; 建筑密度(%):≤25 ; 建筑限高(米):≤100 ; 绿化率(%):≥30 ; 保证金:12143万元 ; 挂牌截止时间:2017年06月29日16时00分 ; 出让年限:70年 ; 现状土地条件: ; 挂牌开始时间:2017年06月20日09时00分
﻿泰顺县国土资源局国有建用地使用权挂牌出让公告(泰土资告字[2017]TZJXC170509013号),2017-05-31,http://www.zjdlr.gov.cn/art/2017/5/31/art_1071192_19095.html,泰土资告字[2017]TZJXC170509013号,330329010504008,泰顺县罗阳镇下交垟村,3335.5平方米,其他工业用地,=0.8,161万元,,: ; 土地估价备案号:3313317BA0014 ; 加价幅度:1万元 ; 投资强度:2550万元/公顷 ; 建筑密度(%):30≤建筑密度≤38.85 ; 建筑限高(米):≤24 ; 绿化率(%):≥20 ; 保证金:33万元 ; 挂牌截止时间:2017年07月04日15时00分 ; 出让年限:50年 ; 场地平整宗地红线内场地平整基础设施五通[通路（施工道路）、通电、通上水、通下水、通讯]: ; 挂牌开始时间:2017年06月17日08时00分
﻿苍南县国土资源局国有建用地使用权挂牌出让公告(苍土告字[2017]16号),2017-05-31,http://www.zjdlr.gov.cn/art/2017/5/31/art_1071192_19094.html,苍土告字[2017]16号,苍南县金乡镇A-08-01a地块,金乡镇北二环路南侧、东风大道东侧,1112.2平方米,其他工业用地,1≤容积率≤2.4,52万元,,: ; 土地估价备案号: ; 加价幅度:1万元 ; 投资强度:3000万元/公顷 ; 建筑密度(%):≤45 ; 建筑限高(米): ; 绿化率(%):≥5 ; 保证金:10万元 ; 挂牌截止时间:2017年07月04日15时30分 ; 出让年限:50年 ; 现状土地条件: ; 挂牌开始时间:2017年06月21日08时30分
﻿苍南县国土资源局国有建用地使用权拍卖出让公告(苍土告字[2017]15号),2017-05-31,http://www.zjdlr.gov.cn/art/2017/5/31/art_1071192_19093.html,苍土告字[2017]15号,桥墩镇政府B-21d地块,桥墩镇金山村金山路以东,4533.3平方米,普通商品住房用地,1≤容积率≤2,1270万元,,: ; 土地估价备案号: ; 加价幅度:10万元 ; 投资强度:0万元/公顷 ; 建筑密度(%):≤35 ; 建筑限高(米): ; 绿化率(%):≥30 ; 保证金:260万元 ; 出让年限:70年 ; 现状土地条件:
﻿嘉善县国土资源局国有建用地使用权挂牌出让公告(善土告字[2017]13号),2017-05-31,http://www.zjdlr.gov.cn/art/2017/5/31/art_1071192_19092.html,善土告字[2017]13号,2015G-30,魏塘街道魏中村（开发区）,16629.7平方米,工业用地,1≤容积率≤2.5,631.9286万元,,: ; 土地估价备案号: ; 加价幅度:3.3259万元 ; 投资强度:4650万元/公顷 ; 建筑密度(%):≤60 ; 建筑限高(米): ; 绿化率(%):10≤绿化率≤20 ; 保证金:316万元 ; 挂牌截止时间:2017年07月04日15时30分 ; 出让年限:50年 ; 挂牌开始时间:2017年06月20日08时30分 ; 备注:汽车制造业
﻿嘉善县国土资源局国有建用地使用权挂牌出让公告(善土告字[2017]13号),2017-05-31,http://www.zjdlr.gov.cn/art/2017/5/31/art_1071192_19092.html,善土告字[2017]13号,2016G-13,姚庄镇南鹿村,24108.7平方米,工业用地,1≤容积率≤2,1084.8915万元,,: ; 土地估价备案号: ; 加价幅度:4.8217万元 ; 投资强度:4500万元/公顷 ; 建筑密度(%):≤60 ; 建筑限高(米): ; 绿化率(%):10≤绿化率≤20 ; 保证金:542万元 ; 挂牌截止时间:2017年07月04日15时30分 ; 出让年限:41年 ; 挂牌开始时间:2017年06月20日08时30分 ; 备注:黑色金属冶炼及压延加工业（至2058年11月24日止）
﻿嘉善县国土资源局国有建用地使用权挂牌出让公告(善土告字[2017]13号),2017-05-31,http://www.zjdlr.gov.cn/art/2017/5/31/art_1071192_19092.html,善土告字[2017]13号,2016G-17,魏塘街道魏中村,25438.6平方米,仓储用地,0.8≤容积率≤2,968.7019万元,,: ; 土地估价备案号: ; 加价幅度:5.0877万元 ; 投资强度:450万元/公顷 ; 建筑密度(%):≤60 ; 建筑限高(米): ; 绿化率(%):10≤绿化率≤20 ; 保证金:484万元 ; 挂牌截止时间:2017年07月04日15时30分 ; 出让年限:50年 ; 挂牌开始时间:2017年06月20日08时30分 ; 备注:木业堆场
﻿嘉善县国土资源局国有建用地使用权挂牌出让公告(善土告字[2017]13号),2017-05-31,http://www.zjdlr.gov.cn/art/2017/5/31/art_1071192_19092.html,善土告字[2017]13号,2016G-31-2-1-2,魏塘街道虹桥村(开发区),11160.1平方米,工业用地,1≤容积率≤2,468.7242万元,,: ; 土地估价备案号: ; 加价幅度:2.232万元 ; 投资强度:4650万元/公顷 ; 建筑密度(%):≤60 ; 建筑限高(米): ; 绿化率(%):10≤绿化率≤20 ; 保证金:234万元 ; 挂牌截止时间:2017年07月04日15时30分 ; 出让年限:50年 ; 挂牌开始时间:2017年06月20日08时30分 ; 备注:专用设备制造业
﻿嘉善县国土资源局国有建用地使用权挂牌出让公告(善土告字[2017]13号),2017-05-31,http://www.zjdlr.gov.cn/art/2017/5/31/art_1071192_19092.html,善土告字[2017]13号,2017G-14,西塘镇邗上村,9808.2平方米,工业用地,1≤容积率≤2,353.0952万元,,: ; 土地估价备案号: ; 加价幅度:1.9616万元 ; 投资强度:4500万元/公顷 ; 建筑密度(%):≤60 ; 建筑限高(米): ; 绿化率(%):10≤绿化率≤20 ; 保证金:177万元 ; 挂牌截止时间:2017年07月04日15时30分 ; 出让年限:50年 ; 挂牌开始时间:2017年06月20日08时30分 ; 备注:造纸及纸制品业
